<<Paste here>,,,,,,,,,,,,,,
,,Ch1 (SLM),Ch1 (SLM),Ch1 (SLM),Ch1 (SLM),,,,,,,,,
,,Ch1 (SLM),Ch1 (SLM),Ch1 (SLM),Ch1 (SLM),,,,,,,,,
,,"P1 (A, Fast)","P1 (A, Lin)","P1 (A, Lin)","P1 (A, Lin)",,,,,,,,,
,,"P1 (A, Fast)","P1 (A, Lin)","P1 (A, Lin)","P1 (A, Lin)",,,,,,,,,
,,LAFmax (SR) [dB],LAeq (SR) [dB],LAeq Histogram (SR) [dB],LAeq Histogram (SR) [dB],1/1 Oct LAeq (SR) [dB],1/1 Oct LAeq (SR) [dB],1/1 Oct LAeq (SR) [dB],1/1 Oct LAeq (SR) [dB],1/1 Oct LAeq (SR) [dB],1/1 Oct LAeq (SR) [dB],1/1 Oct LAeq (SR) [dB],1/1 Oct LAeq (SR) [dB],1/1 Oct LAeq (SR) [dB]
No.,\*DateandTime*\,\*LAmax*\,\*LAeq*\,L10,\*LA90*\,63 Hz,125 Hz,250 Hz,500 Hz,1000 Hz,2000 Hz,4000 Hz,8000 Hz,Total A
1,29/11/2024 13:15,78.3,54.9,56.9,51.3,35.9,35.5,40.2,47.8,52.9,45.5,36.7,35.3,54.9
2,29/11/2024 13:30,60.7,54.4,56.6,51.5,35.4,35.2,39.8,47.5,52.6,44,26.6,21.2,54.4
3,29/11/2024 13:45,61.4,54.3,56.4,50.3,35.6,35.4,39.9,47.3,52.4,43.9,26.2,20.3,54.3
4,29/11/2024 14:00,63.7,55.1,57.2,51.6,36.9,38.1,42.3,48.2,53.1,44.6,26.7,23.4,55.1
5,29/11/2024 14:15,74.3,54.5,56.5,51.2,35.9,36.1,39.9,46.9,52.5,44.5,37.3,36.1,54.5
6,29/11/2024 14:30,60.7,54.3,56.3,51.2,36.1,35.5,40,46.8,52.6,44,26.8,24.2,54.3
7,29/11/2024 14:45,77.2,58,57.1,52.1,35.9,42.7,46.5,52.3,55.4,46.8,36.7,21.6,58
8,29/11/2024 15:00,61.4,54.4,56.3,51.8,35.1,35.6,40,46.7,52.7,44.5,27.1,19.7,54.4
9,29/11/2024 15:15,59.3,54.2,55.9,52,35.7,35.3,40.4,46.7,52.4,44.3,27,19.9,54.2
10,29/11/2024 15:30,66.4,55.1,56.8,53,36.2,36.5,40.7,47.4,53.4,45,34.8,27.3,55.1
11,29/11/2024 15:45,59.9,55.4,56.8,53.5,35.2,35.7,40.9,47.7,53.7,45.7,27.1,19.6,55.4
12,29/11/2024 16:00,60.5,55.6,57.3,53.3,36.4,37.5,41.5,48.2,53.9,45.5,27.2,25.5,55.6
13,29/11/2024 16:15,59.6,54.9,56.6,53,36.4,35.8,40.9,47.1,53.2,44.9,27.2,18.9,54.9
14,29/11/2024 16:30,59.3,54.3,55.8,52.3,36.1,36.2,41.2,46.8,52.5,44.1,26.1,17.8,54.3
15,29/11/2024 16:45,58.3,53.7,55.1,52,36.1,35.4,40.8,46.1,51.8,43.5,25.8,18.2,53.7
16,29/11/2024 17:00,58.9,54.3,55.7,52.5,34.6,35.4,41,46.6,52.6,44.2,25.9,17.8,54.3
17,29/11/2024 17:15,60.4,54.7,56.4,52.8,35.3,36.2,41.6,47.2,53,44.6,26.1,17.6,54.7
18,29/11/2024 17:30,60.8,54.6,56.4,52.1,35.3,35.1,40.9,46.9,52.9,44.5,26,17.4,54.6
19,29/11/2024 17:45,61.5,54.7,56.5,52.3,34.9,35.3,40.6,47.1,53,44.7,25.9,19.7,54.7
20,29/11/2024 18:00,62.5,55.5,57.4,53.1,35.3,35.6,41.5,47.7,53.9,45.6,26,16.6,55.5
21,29/11/2024 18:15,62.1,55.7,57.6,52.9,35.5,35.6,41.3,48,54,45.9,26.2,16.5,55.7
22,29/11/2024 18:30,62.1,55.9,57.8,53.1,36.1,39.3,41.9,48.2,54.1,45.8,26.2,16.2,55.9
23,29/11/2024 18:45,62.2,55.7,57.8,52.9,34.5,35,40.9,47.9,54.1,46.1,26.2,15.6,55.7
24,29/11/2024 19:00,63.6,55.4,57.7,51.7,34.6,35.3,41.3,47.9,53.7,45.7,26,16.5,55.4
25,29/11/2024 19:15,61.1,54.8,57.1,51.3,34.5,35.2,40.8,47.2,53.1,45,25.3,16.5,54.8
26,29/11/2024 19:30,60.6,54.5,56.8,51,35.1,35.6,40.4,47.4,52.7,44.3,24.7,15.4,54.5
27,29/11/2024 19:45,61.8,54.5,56.6,51.5,33.2,35.3,40.6,47.4,52.7,44.4,24.7,17.1,54.5
28,29/11/2024 20:00,61.8,54.8,57.4,51.4,35.5,35.9,41.1,47.8,53,44.4,24.6,15.2,54.8
29,29/11/2024 20:15,62.2,54.1,56.6,49.8,33.6,34.1,40.5,46.5,52.4,44.3,24.4,14.8,54.1
30,29/11/2024 20:30,61.9,53.6,56.2,49.3,33.6,35.2,39.7,46.3,51.8,43.6,23.9,14.9,53.6
31,29/11/2024 20:45,61.5,53.3,55.9,49.6,33.8,34.4,39.9,46,51.6,42.9,23.9,15.4,53.3
32,29/11/2024 21:00,59.5,52.9,55.2,49.4,33.4,34.2,39,45.3,51.3,42.8,23.4,14.4,52.9
33,29/11/2024 21:15,64.7,52.9,55.4,48.9,33,34.3,42.5,45.4,50.9,42.4,24,16.2,52.9
34,29/11/2024 21:30,61.8,52.7,55.5,47.7,32.9,33.2,39.1,45.3,51,42.3,24.5,14.8,52.7
35,29/11/2024 21:45,60.4,51.9,54.8,46.3,33.2,33.3,39.1,44.8,50,41.5,25,18.5,51.9
36,29/11/2024 22:00,60,53.1,55.7,49.3,34.1,33.9,39.6,46,51.3,42.6,23.4,14.1,53.1
37,29/11/2024 22:15,70.9,52.6,55.1,48.3,31.6,33.3,40.6,45.1,50.8,42.2,24.4,17.1,52.6
38,29/11/2024 22:30,60,52.3,54.9,48.2,33.8,34.1,38.6,45.2,50.5,41.7,23,14.3,52.3
39,29/11/2024 22:45,62,50.7,53.6,46.1,31.3,31.8,37.7,43.4,48.9,40.4,22.2,14.4,50.7
40,29/11/2024 23:00,70.9,51.8,54.3,46.7,33.6,34.1,42.3,45.4,49.4,40.2,22.1,13.7,51.8
41,29/11/2024 23:15,58.9,51.7,54.7,46.8,31.6,31.9,37.8,44.5,50,41.4,22.6,13.6,51.7
42,29/11/2024 23:30,60.7,50.4,53.4,45.8,30.9,31.7,36.8,43.7,48.6,39.5,21.3,13.7,50.4
43,29/11/2024 23:45,64.3,50.9,54.3,45.1,33,32.9,37.3,44.4,48.9,39.6,21.6,13.7,50.9
44,30/11/2024 00:00,63.9,50.1,53.3,44.3,31.4,32.4,36.1,43.4,48.2,39.1,20.9,13.2,50.1
45,30/11/2024 00:15,59.4,50.3,53.4,45,31.6,31.8,36.1,43.1,48.6,39.5,21.1,13.2,50.3
46,30/11/2024 00:30,59,49.2,52.5,44,30.6,32,36.6,42.3,47.2,38.5,20.4,13.2,49.2
47,30/11/2024 00:45,58.7,48.5,51.4,43.6,30.4,30.4,35.2,41.5,46.7,37.8,20,12.9,48.5
48,30/11/2024 01:00,58.1,46.8,50,41.5,28.7,29.9,34,40.2,44.8,35.2,18.5,12.9,46.8
49,30/11/2024 01:15,59.1,47.8,51.1,42.2,30.9,30.8,34.8,42,45.6,35.4,19.4,12.9,47.8
50,30/11/2024 01:30,60.1,48.2,51.8,41.8,30.2,30,34,41.1,46.5,37.2,19.5,12.9,48.2
51,30/11/2024 01:45,58.4,47.6,51,42.1,30,30.7,34.4,41.3,45.6,36.1,19.9,13.1,47.6
52,30/11/2024 02:00,58.1,48.5,51.8,43.1,30.5,31.5,35.3,42.8,46.2,37,19.9,12.8,48.5
53,30/11/2024 02:15,59.6,47.5,51.1,41.4,30,29.1,34.1,41.1,45.5,36.9,19.1,12.6,47.5
54,30/11/2024 02:30,62.6,48.8,52.3,42.1,31.5,31.4,35.8,43,46.5,38.2,20.3,12.3,48.8
55,30/11/2024 02:45,60.7,48.7,52.7,40.5,29.9,31.6,35.6,42.9,46.4,38.1,20.2,12.7,48.7
56,30/11/2024 03:00,59.5,48.1,51.8,41.3,31.1,31.2,34.9,42.4,45.8,37,19.9,12.7,48.1
57,30/11/2024 03:15,62.1,47.8,51.7,40.1,29.6,29.6,33.8,42,45.7,36.1,19.2,12.8,47.8
58,30/11/2024 03:30,62.5,48.3,52.2,39.9,29.7,29.4,34.5,42.3,46.3,37,19.7,12.5,48.3
59,30/11/2024 03:45,64.7,48.1,51.7,40.1,31.2,30,34.1,42,46,36.7,20,12.5,48.1
60,30/11/2024 04:00,59.8,48,51.6,40.7,29.2,32.9,34.1,42,45.8,37,20.1,12.6,48
61,30/11/2024 04:15,61.1,48.1,51.7,40.3,30.6,30.4,34.7,42.2,45.9,37.2,20.2,12.5,48.1
62,30/11/2024 04:30,60.3,48.6,52.1,41.8,30.2,30.8,34.5,42.7,46.5,37.8,20.5,12.3,48.6
63,30/11/2024 04:45,61.6,49.8,53.5,42.9,31.8,31.5,35.3,43.6,47.8,38.9,21.3,12.2,49.8
64,30/11/2024 05:00,62.3,50.1,53.8,42.1,33.4,32.4,35.9,44.2,48,38.9,21.6,12.5,50.1
65,30/11/2024 05:15,61.1,50.5,53.7,44.1,32,32.4,36,44.2,48.5,39.8,22.4,12.7,50.5
66,30/11/2024 05:30,62.5,51.9,55.3,45.3,33.3,32.5,37,45.3,50,41.2,22.9,12.2,51.9
67,30/11/2024 05:45,61.8,49.5,52.7,44.4,29,30.1,35.5,42.6,47.7,39.6,21.4,12.1,49.5
68,30/11/2024 06:00,61.7,51.3,54.4,46.1,32.5,32.4,36.7,44.3,49.4,41.4,23.2,12.2,51.3
69,30/11/2024 06:15,61.3,51.5,54.8,45.7,32,32.4,36.9,44.2,49.8,41.8,23.4,12.3,51.5
70,30/11/2024 06:30,64.6,51.3,54,45.8,32.6,32.5,36.7,44.6,49.3,41.1,23.3,12.3,51.3
71,30/11/2024 06:45,61.5,51.2,54.5,45.6,31.8,31.6,36.2,44.1,49.5,41.2,23,12.2,51.2
72,30/11/2024 07:00,61.2,51.8,54.8,46,32.2,32.6,36.9,44.7,50,42.1,24.9,21.9,51.8
73,30/11/2024 07:15,63.8,52.7,55.6,47.5,33.3,33.6,37.5,45.2,50.9,42.8,30.1,29.3,52.7
74,30/11/2024 07:30,63.3,52.5,54.9,48.7,31.6,32.4,37.5,44.4,50.9,42.9,25.1,19.6,52.5
75,30/11/2024 07:45,62.1,53.6,56,49.5,33.3,34.3,38.4,45.7,51.9,44.1,26.5,27.1,53.6
76,30/11/2024 08:00,62.5,53.7,56.7,49.1,34.3,35.4,38.8,46.1,51.9,43.9,26.3,23.1,53.7
77,30/11/2024 08:15,65.4,55.1,57.7,50.2,33.7,34.2,39.2,46.2,53,48.6,32.1,27.8,55.1
78,30/11/2024 08:30,62.2,56,58.2,53,35.2,35.5,40.8,47.9,54.1,48,30.8,21.8,56
79,30/11/2024 08:45,63.1,56.2,58,53.8,34.7,35.8,41,47.9,54.3,48.3,30.2,24.3,56.2
80,30/11/2024 09:00,62.8,55.8,58,52.9,34.3,34.5,40,47,53.9,48.7,31.3,21.5,55.8
81,30/11/2024 09:15,66.4,55.2,57.5,51.7,34.3,34.8,40,47,53.4,46.9,30.6,21.3,55.1
82,30/11/2024 09:30,60.8,54.5,56.8,51.3,34.6,34.3,39.8,46.3,53,44.7,26.2,20.2,54.5
83,30/11/2024 09:45,60.1,54.7,56.7,52.1,34.4,34.9,40,46.5,53.1,44.8,29.5,24.2,54.7
84,30/11/2024 10:00,60.9,54.1,56.2,51.1,35.4,36.5,39.8,46.2,52.5,44,26.4,23.4,54.1
85,30/11/2024 10:15,61,54.3,56.1,51.8,34.9,34.9,39.4,46,52.8,44.4,25.9,17.7,54.3
86,30/11/2024 10:30,61.6,54.4,56.7,51.3,34.3,35,40.4,46.4,52.7,44.6,31.5,26.9,54.4
87,30/11/2024 10:45,61.2,55.3,57.6,51.8,35.3,36,40.5,47.2,53.7,45.7,26.8,13.6,55.3
88,30/11/2024 11:00,60.8,54.3,56.5,50.7,34.3,34.8,39.4,46,52.8,44.5,27.5,22,54.3
89,30/11/2024 11:15,63,54.8,57,51.3,34.9,35.1,39.4,46.3,53.3,45.2,27.1,23.1,54.8
90,30/11/2024 11:30,62.3,54.8,56.9,51.8,34.8,36,39.5,46.5,53.3,45.1,26.6,21.4,54.8
91,30/11/2024 11:45,60.8,55.2,57.4,52.3,35.3,35.3,40.7,46.9,53.6,45.4,26.7,19.9,55.2
92,30/11/2024 12:00,61.1,55.2,57.3,52.3,34.7,35.3,40.5,47.2,53.6,45.5,27,20.4,55.2
93,30/11/2024 12:15,62,54.1,56.4,50.9,34.1,35.3,39.1,45.6,52.7,44.3,25.7,17.2,54.1
94,30/11/2024 12:30,60.7,54,56.1,51.2,34.1,34.4,38.9,45.4,52.6,44.4,25.4,17.9,54
95,30/11/2024 12:45,60.9,53.6,55.9,49.6,33.5,34.2,38.1,44.6,52.2,43.7,25.3,28.8,53.6
96,30/11/2024 13:00,61.7,53.2,55.3,50,33.4,35.2,37.9,44.4,51.8,43.5,24.7,15.7,53.2
97,30/11/2024 13:15,64.7,53.9,56.2,50.2,35.6,36.4,40.3,45.5,52.2,43.9,25.1,13.4,53.9
98,30/11/2024 13:30,61.9,54.4,56.5,51.2,34.5,38.8,41.1,46,52.8,44.1,27.3,13.4,54.4
99,30/11/2024 13:45,61.6,54,56.4,50.1,34.4,35.7,39.8,45.2,52.5,44.1,25.1,15.2,54
100,30/11/2024 14:00,73.8,53.9,56,50.1,34.2,35,38.5,45.3,52.2,45.5,32.4,15.5,53.9
101,30/11/2024 14:15,68.9,55.1,57,51,34.1,38.2,43.1,47.3,53.1,45.8,29.5,14.6,55.1
102,30/11/2024 14:30,62.7,54.2,56.6,50.4,34.4,35.1,38.8,45.7,52.8,44.5,26.2,15,54.2
103,30/11/2024 14:45,61.6,53.5,55.8,49.4,33.5,34,38.3,45,51.9,44,24.9,16.8,53.5
104,30/11/2024 15:00,59.5,54.1,56.1,50.7,34.6,35.3,39.1,45.6,52.6,44.4,25.3,14.4,54.1
105,30/11/2024 15:15,58.7,54.1,55.9,51.4,34.8,37.4,39.7,45.8,52.5,44.4,25.7,17.7,54.1
106,30/11/2024 15:30,60.7,55,57.2,51.9,35,35.4,39.8,46.7,53.5,45.2,26.2,21.5,55
107,30/11/2024 15:45,66.2,54.4,56.4,51.3,35.1,34.5,40.9,46.3,52.8,44.9,29.1,28.9,54.4
108,30/11/2024 16:00,62.2,54,56.3,50.3,34.4,36.2,39.1,45.8,52.3,44.1,37.7,34.1,54
109,30/11/2024 16:15,60.6,54.8,57.1,51.3,34.7,36.1,39.5,46.5,53.3,45,31.6,26.5,54.8
110,30/11/2024 16:30,63.4,54.7,56.9,51.3,35.2,36.4,40.3,47,53,45,25.6,11.1,54.7
111,30/11/2024 16:45,59.4,53.9,55.9,50.5,33.4,34.4,39.6,45.6,52.3,44.3,25.1,11.5,53.9
112,30/11/2024 17:00,64,54.1,55.9,50.7,34.8,35.3,43,46.1,52.2,44,25.1,11.4,54.1
113,30/11/2024 17:15,61,54.9,57,51.8,34,34.5,40.1,46.5,53.4,45.5,26.1,11.8,54.9
114,30/11/2024 17:30,61.2,54.5,56.5,51.8,33,34.8,39.9,46.4,53,44.9,25.6,12.2,54.5
115,30/11/2024 17:45,60.9,54.4,56.6,51.3,33.5,34,39.3,46.2,52.9,44.9,25.6,11.9,54.4
116,30/11/2024 18:00,62.7,53.6,55.8,50.3,33.7,36.1,40.3,45.7,51.9,43.8,24.9,12,53.6
117,30/11/2024 18:15,60.3,53.5,55.8,50.3,32.9,34.4,38.5,44.8,52,44.2,24.9,11.1,53.5
118,30/11/2024 18:30,61.8,53.1,55.5,49.5,33.2,33.8,38.9,45,51.5,43.5,24.7,12,53.1
119,30/11/2024 18:45,60.1,53.5,55.7,50.4,34.1,33.9,38.9,45.2,51.9,43.8,25.4,13.1,53.5
120,30/11/2024 19:00,62.6,52.8,55.3,49.2,32.4,32.7,37.9,44.4,51.3,43.4,24.5,11.3,52.8
121,30/11/2024 19:15,64,52.9,55.6,48.6,33.3,33.5,38.3,44.5,51.3,43.6,24.7,10.9,52.9
122,30/11/2024 19:30,62.2,52.8,55.4,48.6,31.7,33.1,38.3,44.3,51.3,43.6,24.5,11.4,52.8
123,30/11/2024 19:45,61.4,52.7,55,48.9,32.9,33.4,37.9,44.7,51,43.3,24.7,12.1,52.7
124,30/11/2024 20:00,60.9,52.7,55.3,48.5,32.5,32.5,38,44.5,51.1,43.4,24.4,10.7,52.7
125,30/11/2024 20:15,62.9,52.8,55.7,48.2,32.5,32.8,38,44.9,51.2,43.1,24.2,10.5,52.8
126,30/11/2024 20:30,63.2,52.8,55.5,48.1,31.3,31.7,37.4,44.3,51.3,43.6,24.3,10.4,52.8
127,30/11/2024 20:45,61.3,52.3,55.5,46.8,31.9,32.8,37.2,44.1,50.7,42.9,24,10.8,52.3
128,30/11/2024 21:00,63.1,52,55.2,46,31.9,31.7,36.6,43.9,50.4,42.7,23.9,10.5,52
129,30/11/2024 21:15,61.3,51.9,55.1,46.3,31.8,32.3,36.9,43.9,50.2,42.5,23.5,9.8,51.9
130,30/11/2024 21:30,59.9,51.7,54.8,46.9,30.7,36.2,37.1,43.5,50,42.4,23.4,9.8,51.7
131,30/11/2024 21:45,60.5,51,54,45.8,30.9,31.7,37.6,43.5,49.3,41.2,22.5,10.2,51
132,30/11/2024 22:00,60.8,51.3,54.2,46.5,29.7,30.6,36.5,42.9,49.8,42.1,23.2,10.2,51.3
133,30/11/2024 22:15,60.7,51.2,54.3,45.4,30.6,31,35.8,42.9,49.7,41.9,23.1,10,51.2
134,30/11/2024 22:30,62.4,52.3,55.5,45.5,31.6,32.7,38,44.4,50.6,43,24.4,10.7,52.3
135,30/11/2024 22:45,61.6,52.1,55.3,46.1,31.1,31.4,36.7,44.1,50.6,42.6,23.5,9.8,52.1
136,30/11/2024 23:00,65.3,50.9,54.2,43.9,27.9,29.9,35.7,42.5,49.5,41.5,22.9,10.8,50.9
137,30/11/2024 23:15,61.1,50.5,53.8,43.5,30.4,30.6,34.8,42.2,48.9,41.4,22.9,11.3,50.5
138,30/11/2024 23:30,61.8,50.1,53.5,43.5,30.3,30.5,35,42.4,48.4,40.9,22.7,10.8,50.1
139,30/11/2024 23:45,59.4,48.1,51.9,40.5,28.8,29.1,33.5,40.8,46.3,38.1,20.5,9.7,48.1
140,01/12/2024 00:00,59.4,49,52.7,42.2,29.8,30,34.6,41.6,47.2,39.5,21.7,11.4,49
141,01/12/2024 00:15,60,49.2,53,40.5,29.6,29.3,34,41.9,47.4,39.7,21.3,9.3,49.2
142,01/12/2024 00:30,60.4,48.8,52.6,40.4,27.1,28.5,33.7,40.5,47.3,39.7,21.6,10.4,48.8
143,01/12/2024 00:45,64.5,49.7,53.5,40.5,29.4,29.9,34.9,42,48,40.3,22.5,11,49.7
144,01/12/2024 01:00,62.5,49,52.7,41.4,30.4,29.8,34.7,41.5,47.2,38.9,21.1,9.5,49
145,01/12/2024 01:15,60,47.8,51.3,39.6,30,30,33.8,40.6,46,37.7,20.4,10,47.8
146,01/12/2024 01:30,58.5,47.4,51,39.4,28.4,30,34,40.2,45.4,37.9,20.6,9,47.4
147,01/12/2024 01:45,61.4,48.2,51.9,39.1,30.2,29.7,34,40.6,46.3,38.7,21.4,10.6,48.2
148,01/12/2024 02:00,60.9,46.4,49.7,39.7,27.2,28.9,33.2,38.7,44.5,37.1,21.4,12,46.4
149,01/12/2024 02:15,58.6,47,50.8,38.8,29.8,30,34,40.6,44.8,37,21.4,11.1,47
150,01/12/2024 02:30,62.6,48.5,52.4,37.5,28.5,30.5,40.3,41.7,46,37.1,20.5,9.4,48.5
151,01/12/2024 02:45,62.7,47,50.6,38.6,28.1,29,33.2,40.4,45,36.7,20.5,9.8,47
152,01/12/2024 03:00,58.1,46.3,50.8,35.8,29.6,29.5,33.6,39.8,44.2,35.5,20,9.9,46.3
153,01/12/2024 03:15,62.5,46.3,49.9,38.2,29.8,29.7,33.3,39.6,44.2,36,21.8,14.4,46.3
154,01/12/2024 03:30,57.4,44.8,48.5,37.4,27.3,28.2,32.8,38.2,42.5,35,20.2,11.7,44.8
155,01/12/2024 03:45,60.9,46.4,50.6,37.9,29,30,33.4,40.5,44,36,21.5,12.5,46.4
156,01/12/2024 04:00,58.4,46.7,50.5,38.1,29.7,30.1,33.7,40.6,44.4,36.3,21.7,11.7,46.7
157,01/12/2024 04:15,56.1,45.1,48.9,37.1,29.4,30.6,34.6,39.3,42.2,34.7,20.2,10.2,45.1
158,01/12/2024 04:30,58.1,46.5,50.5,37.6,29.5,30.6,33.6,40.2,44.2,35.9,21,10.6,46.5
159,01/12/2024 04:45,58.6,46.5,50.1,38.1,27.3,32.5,34,39.5,44.3,36.5,20.6,9.8,46.5
160,01/12/2024 05:00,65.5,47.1,50.9,38.5,27.3,29.3,33.6,39.8,45.1,37.7,28.2,23.9,47.1
161,01/12/2024 05:15,58.6,46.8,50.5,39,29.7,29.3,32.6,40.1,44.7,36.4,20.4,9.4,46.8
162,01/12/2024 05:30,59.7,46.6,49.9,40.1,27,28.4,32.6,39.1,44.8,37.2,20.9,12.3,46.6
163,01/12/2024 05:45,59.8,46.9,49.9,39.8,29.9,31.1,33.6,39.8,44.8,37.4,21.1,11,46.9
164,01/12/2024 06:00,60.4,48.3,51.8,40.9,30.7,31,34.6,40.8,46.5,38.7,21.9,10.4,48.3
165,01/12/2024 06:15,57.8,48.8,52.1,42.8,31.8,30.7,34.2,41.7,46.9,38.9,22.6,11.4,48.8
166,01/12/2024 06:30,59.1,48.7,51.8,43.2,30.6,30.7,34.6,41.4,46.8,39.1,22.6,12.7,48.7
167,01/12/2024 06:45,57.9,48,51.2,41.3,29.2,29.2,33.3,39.8,46.4,38.4,20.9,10.6,48
168,01/12/2024 07:00,60.9,49,52,42.9,29.8,30.8,34.3,40.6,47.4,39.7,23.2,19.8,49
169,01/12/2024 07:15,61.5,50.1,53.4,43.4,30.5,31,35.6,42.4,48.1,40.5,32.8,33.4,50.1
170,01/12/2024 07:30,66.2,50.6,53.6,44.4,31.5,31.5,35.4,42.8,48.8,41.5,32.6,24.1,50.6
171,01/12/2024 07:45,59.8,51,54,45.8,30.6,31.7,35.8,42.6,49.5,41.9,25.7,21.9,51
172,01/12/2024 08:00,60.6,50.1,52.9,44.7,31.4,31.9,35.7,42.4,48.3,40.3,23.8,18.7,50.1
173,01/12/2024 08:15,62.4,50.4,53.6,45.2,31,31.8,35.7,42.3,48.7,41.2,24.1,16.9,50.4
174,01/12/2024 08:30,58.6,51.7,54.2,47.6,31.6,31.8,36.4,43.4,50.1,42.4,29.7,28.3,51.7
175,01/12/2024 08:45,61.2,52.7,55.4,47,32.4,32.9,37.9,44.5,51.1,43.5,28.9,21.6,52.7
176,01/12/2024 09:00,64.6,53.5,56.2,48.7,33.1,33.8,38.1,45.9,51.8,44.1,28.6,18.4,53.5
177,01/12/2024 09:15,64.7,54.3,57.2,49.1,33.4,33.2,38.2,45.7,52.4,44.6,40.7,40.6,54.3
178,01/12/2024 09:30,66.3,54.7,57.2,49.7,33.2,35.6,39,45.6,52.4,44.9,44.5,42.7,54.7
179,01/12/2024 09:45,67.4,55.8,58.6,50.5,33,33.9,38.3,45.5,52.4,44.7,48.2,48.4,55.8
180,01/12/2024 10:00,74.3,56.1,58,50.6,33.8,33.5,38.4,46.1,52.9,45.3,48,48.3,56.1
181,01/12/2024 10:15,63.6,54.5,56.8,51.1,34,34.6,39.1,46,53,45.5,27.9,18.1,54.5
182,01/12/2024 10:30,62,54.3,56.9,50.1,34.5,35.4,39.2,46.1,52.6,45,31.6,36.8,54.3
183,01/12/2024 10:45,61.9,54.1,56.6,50.8,35.2,35.3,39.5,45.7,52.4,45.2,33.9,28.2,54.1
184,01/12/2024 11:00,62.3,54.6,57.1,50.8,33.9,34.6,39.7,46,53.1,45.4,28.2,25.1,54.6
185,01/12/2024 11:15,62.1,55.3,57.6,52.1,34.3,34.1,39.4,46.7,53.9,46.1,28.7,22.7,55.3
186,01/12/2024 11:30,62.6,55.3,57.5,52.4,34.9,35,39.6,46.9,53.8,46.1,27.9,28.1,55.3
187,01/12/2024 11:45,61.9,55.5,57.7,52.2,35.3,34.9,39.6,46.9,53.9,46.4,29.7,32.7,55.5
188,01/12/2024 12:00,62.5,55.1,57.6,51.6,34.4,34.6,39.5,46.8,53.6,45.9,28.4,24.3,55.1
189,01/12/2024 12:15,63.3,55.6,58,52,34.6,34.6,39.5,47,54.1,46.3,38,36.1,55.6
190,01/12/2024 12:30,62.3,56.3,58.4,52.5,35.2,35.2,40.2,47.5,54.6,47.7,37.9,32.6,56.3
191,01/12/2024 12:45,62.2,56,58.2,52,35.5,34.9,39.8,47.3,54.3,47.6,36.3,30.7,56
192,01/12/2024 13:00,63.5,55.3,57.7,51.6,34.7,34.9,39.7,47.1,53.7,46.4,30.3,19.9,55.3
193,01/12/2024 13:15,65.3,55.7,57.9,52.1,34.7,35.1,39.5,47.4,54.1,46.8,31.3,28,55.7
194,01/12/2024 13:30,62.3,55.3,57.7,51.1,33.5,34,39.2,46.4,53.8,46.5,29.4,18.4,55.3
195,01/12/2024 13:45,62.9,55.6,58,51.7,34.3,34.4,39.5,46.9,54.1,46.8,29.4,16.7,55.6
196,01/12/2024 14:00,64.8,56.2,58.7,51.5,34.6,34.7,40.6,47.6,54.6,47.9,30.9,17.9,56.2
197,01/12/2024 14:15,65.4,57.5,59.8,54.2,34.4,35,40.4,47.6,55.4,51.8,34.9,26.2,57.5
198,01/12/2024 14:30,63.5,56.5,58.8,52.7,33.3,34,39.8,47,54.6,49.8,32.6,25.9,56.5
199,01/12/2024 14:45,63.4,56.3,58.6,52.7,33.7,34.5,40.3,47.4,54.6,48.7,31.2,20.2,56.3
200,01/12/2024 15:00,64.1,55.5,58,51.8,35.2,35.1,40,47.5,53.9,46.4,28.7,16.6,55.5
201,01/12/2024 15:15,63.3,56.2,58.4,52.6,36,35.6,40.4,48,54.6,47.2,29.3,20.5,56.2
202,01/12/2024 15:30,63.8,56,58.3,53,34,35.9,41.1,48,54.4,47,30.1,24.6,56
203,01/12/2024 15:45,64.2,56.5,58.7,52.8,34.4,34,40.9,48.3,54.9,47.6,31.4,27.4,56.5
204,01/12/2024 16:00,64.1,56.8,58.9,53,34.6,35.8,41.1,48.5,55.2,47.8,29.5,24.6,56.8
205,01/12/2024 16:15,62.6,57,59.2,53.3,34.4,34.4,41,48.6,55.3,48,41,36.3,57
206,01/12/2024 16:30,63.1,56.6,58.7,53.1,35,35.9,42.5,48.8,54.8,47.5,30.5,22.7,56.6
207,01/12/2024 16:45,63.9,55.9,58,53,35.9,35,41.3,48.2,54.2,46.7,28.4,15.3,55.9
208,01/12/2024 17:00,63.2,55.8,57.9,52.6,35,34,40.8,47.7,54.1,46.9,28.3,15.1,55.8
209,01/12/2024 17:15,63.5,55.8,58,52.1,34.7,34.6,40.6,47.8,54.1,46.6,28.2,14.9,55.8
210,01/12/2024 17:30,62.3,55.6,57.8,52.3,33.8,34.1,40.8,47.7,53.9,46.5,28.1,15.2,55.6
211,01/12/2024 17:45,62.1,55.4,57.5,52.2,34.9,34,40.6,47.6,53.7,46,27.8,15.1,55.4
212,01/12/2024 18:00,63,55.7,58.2,52,33.9,33.8,40.7,47.8,54.1,46.5,28,15.5,55.7
213,01/12/2024 18:15,62.1,55.8,58.1,51.8,34.4,35.5,41.4,48.1,54,46.6,28.4,15.4,55.8
214,01/12/2024 18:30,63.8,55.6,58,51.5,34.1,34.5,40.6,47.5,53.9,46.5,28,15.1,55.6
215,01/12/2024 18:45,62.5,55.1,57.5,51.7,33,33.2,40.1,46.8,53.6,46.2,27.6,15.5,55.1
216,01/12/2024 19:00,66.8,55.4,57.9,51.1,33.3,33.9,40.1,47.5,53.8,46.1,27.6,15.8,55.4
217,01/12/2024 19:15,64.3,55.2,57.9,50.9,33.2,33.8,39.7,47.4,53.5,45.8,27.6,15.6,55.2
218,01/12/2024 19:30,62.8,54.7,57.7,50.1,33.4,33.6,39.6,46.9,53,45.4,27.3,14.7,54.7
219,01/12/2024 19:45,61.5,54.3,56.9,49.9,33.5,33.5,38.9,46.5,52.6,45,26.8,14.7,54.3
220,01/12/2024 20:00,64.6,54.5,57.2,50.3,32.1,32.7,38.9,46.5,52.9,45.6,27,15,54.5
221,01/12/2024 20:15,63.7,54.3,57.2,49.2,32.5,33.1,39.2,46.2,52.7,45.2,26.6,15,54.3
222,01/12/2024 20:30,62.5,52.9,55.8,48.6,30.8,32.2,37.5,44.3,51.4,44,25.3,14.3,52.9
223,01/12/2024 20:45,62.6,52.6,55.6,47.1,31.8,33.7,37.3,44.6,51,43.6,26.6,17.7,52.6
224,01/12/2024 21:00,61.5,53.1,56.2,47.2,31.9,32.4,37.6,45,51.5,43.8,25.6,15.4,53.1
225,01/12/2024 21:15,64,52.6,55.8,47,32.1,32.6,37.3,44.9,51,43.1,27.3,19.3,52.6
226,01/12/2024 21:30,63,50.9,54.2,44.2,30.3,31.2,36.6,43.7,49.1,41.2,24.9,16.1,50.9
227,01/12/2024 21:45,62.7,51.7,55.4,45,31.5,31.4,36.9,44.5,49.9,42.2,25.4,15.5,51.7
228,01/12/2024 22:00,63.1,51.1,54.9,44,30.7,31.1,37,43.9,49.3,41.6,24.8,14.7,51.1
229,01/12/2024 22:15,69.2,52.1,56.2,43,30.9,30.8,36.2,44.4,50.5,42.9,26.8,17.4,52.1
230,01/12/2024 22:30,64.5,51.8,56,41.7,30.9,30.5,36.4,44.8,50,41.9,25.9,14.6,51.8
231,01/12/2024 22:45,64.5,50.7,55.1,41.5,29.9,29,35.4,43.7,48.8,41.4,25.6,15.1,50.7
232,01/12/2024 23:00,65.2,51.3,55.5,40.6,30.7,29.3,35.7,44.2,49.5,41.7,25.1,13.7,51.3
233,01/12/2024 23:15,63.1,51,54.8,41.7,31.3,30.9,36.6,44.2,49,41.6,24.9,13.2,51
234,01/12/2024 23:30,63.1,51.6,55.8,42,31.6,31,36.8,44.6,49.7,42,25.9,13.8,51.6
235,01/12/2024 23:45,64.2,51,55.5,39.1,31.3,29.7,35.6,44.4,49.1,41.4,24.9,13.1,51
236,02/12/2024 00:00,61,49.1,53.9,38.8,30.5,28.6,34,43.1,47.1,38.5,23.3,13.2,49.1
237,02/12/2024 00:15,61.6,47.7,51.7,38.3,27.5,28.2,33.2,40.9,45.6,38.7,23.2,13.1,47.7
238,02/12/2024 00:30,65.4,48.5,52.6,38.5,27.3,27.3,33,40.6,46.9,39.3,22.8,12.8,48.5
239,02/12/2024 00:45,62.4,49.2,53.6,39,29.1,29.4,34.4,43.1,47.1,39.5,24.7,13.7,49.2
240,02/12/2024 01:00,61.9,48,52.6,37.3,28.1,28.8,33.7,41.9,45.8,38.4,23.8,13.6,48
241,02/12/2024 01:15,61.3,47.9,52.5,37.5,28.9,28.9,34.2,42.2,45.6,37.6,23.4,13.2,47.9
242,02/12/2024 01:30,63.6,49.9,54.2,39.2,31.1,29.7,34.7,43.8,47.7,39.5,24.3,13.8,49.8
243,02/12/2024 01:45,60,46.2,50.1,35.7,27.2,26.4,31.6,40,44.1,36.1,21.2,12.8,46.2
244,02/12/2024 02:00,64.7,48.2,52.3,37.3,29.4,28.8,33.6,42.3,46,38.1,24,13.5,48.2
245,02/12/2024 02:15,61.5,48.2,53.2,36,29.8,29.2,33.5,42.1,46.1,37.6,23.3,14.3,48.2
246,02/12/2024 02:30,63.5,47.8,51.8,37.4,30.9,29.8,34.3,41.7,45.4,37.6,23.3,13.4,47.8
247,02/12/2024 02:45,71.2,48.6,52.6,37.5,29.1,29.3,33.7,42.2,46.6,38.7,23.6,12.8,48.6
248,02/12/2024 03:00,62.2,47.8,52.4,36.7,28.9,29.3,33.2,41.9,45.6,37.7,23.6,12.9,47.8
249,02/12/2024 03:15,62.6,48.8,53.3,38.3,31.7,30.5,33.7,42.5,46.7,38.6,23.3,13.2,48.8
250,02/12/2024 03:30,61.8,47.8,52.5,37.6,30.2,29.7,33.6,42,45.4,37.8,23.3,12.9,47.8
251,02/12/2024 03:45,62.5,50.1,54.6,38.6,31.9,30.8,35.2,44.3,47.9,40.1,25.3,13.6,50.1
252,02/12/2024 04:00,60.5,50.5,54.9,38.3,30.5,30.9,35.5,44.4,48.2,41.5,28.1,18.7,50.5
253,02/12/2024 04:15,60.4,49.7,53.8,40.9,30.1,30.4,36.4,43.2,47.5,40.6,25.8,14,49.7
254,02/12/2024 04:30,62.4,52,55.7,43.4,33.3,33.2,37.4,45.6,49.9,42.4,27.3,14.5,52
255,02/12/2024 04:45,61.5,52.3,56.2,45,34,32.6,37.3,46.1,50.1,42.8,27.3,14.3,52.3
256,02/12/2024 05:00,62.2,52.7,56,45.3,33.5,33.1,37.6,46.4,50.5,43.4,27.3,13.9,52.7
257,02/12/2024 05:15,62.4,53.4,56.8,46.8,34.5,33,38.3,46.8,51.3,44.1,27.8,14.4,53.4
258,02/12/2024 05:30,63.1,54.2,57.6,47,34.2,33.7,39.5,47.4,52.2,45,28.8,14.9,54.2
259,02/12/2024 05:45,66,54.2,57.2,47.5,33.5,32.9,39.1,47.5,52.3,45,28.6,14.9,54.2
260,02/12/2024 06:00,65,55.3,58.3,48.4,34.4,34.7,40,48.5,53.3,46,29.3,14.7,55.3
261,02/12/2024 06:15,63.4,56,58.8,50.5,34.8,35.9,40.9,48.9,54.2,47,29.7,14.6,56
262,02/12/2024 06:30,65,56.7,59.3,52.5,35.1,35.9,41.9,49.3,54.7,48,30.4,14.6,56.7
263,02/12/2024 06:45,64.2,57.3,59.9,52.7,36.6,36.5,42.7,50.3,55.4,48.1,32.1,25.2,57.3
264,02/12/2024 07:00,64.8,57.6,60,53.9,35.7,35.6,42.6,50.2,55.7,48.6,33.3,31.4,57.6
265,02/12/2024 07:15,64.4,57.9,60,55.1,36.6,36.4,43.1,50.4,56.1,49.1,31.5,27.2,57.9
266,02/12/2024 07:30,67.9,58.1,60.5,54.5,36.2,36.1,43.8,50.8,55.9,48.6,42,42.2,58.1
267,02/12/2024 07:45,66.5,57.4,59.7,53.9,36.8,35.9,42.9,49.9,55.3,49.7,33.7,29.5,57.4
268,02/12/2024 08:00,67.9,58.3,60.4,55.3,37.1,36.2,42.3,49.9,56,52.1,36.9,32.3,58.3
269,02/12/2024 08:15,69.9,58.4,60.6,55.2,36.5,39.8,43.9,50.1,56.2,51.2,37.1,30.6,58.4
270,02/12/2024 08:30,77.9,58.6,60.9,53.1,37.5,45.7,50.5,52.9,54.8,49.1,32.2,23.3,58.6
271,02/12/2024 08:45,65.7,57.6,60.3,52.9,37.2,37.8,43.5,50,55.4,50,34.5,30.3,57.6
272,02/12/2024 09:00,68.6,56.7,59.6,51.2,36.6,36.1,42.5,50.1,54.6,47.3,31.8,26.9,56.7
273,02/12/2024 09:15,70.9,57.6,60.9,50.9,36.5,36.1,42.6,50.7,55.7,48.3,31.6,24.1,57.6
274,02/12/2024 09:30,75.7,59.3,62.1,54.2,37.6,40.7,46.4,53,57.1,49.6,33.2,25.3,59.3
275,02/12/2024 09:45,69.9,59.6,62.6,54.1,37.3,37,43.8,52.8,57.7,50.3,33.9,24.3,59.6
276,02/12/2024 10:00,69.4,59.6,62.5,54,36.5,36.9,44.2,53.1,57.6,50.1,40.6,39.3,59.6
277,02/12/2024 10:15,70.6,59.4,62.2,53.1,36.4,37.2,44.9,52.7,57.5,50.2,35,27.9,59.4
278,02/12/2024 10:30,69.7,60.5,63.7,53.1,37.1,37.9,44.6,54.1,58.6,50.8,35.3,28.2,60.5
279,02/12/2024 10:45,70.3,59.9,62.8,53.2,37.7,38,44.4,53.4,58,50.3,34.6,25.3,59.9
280,02/12/2024 11:00,72.8,60,63.1,53.4,36.6,38.5,45.2,53.2,58.1,50.2,34.1,26.3,60
281,02/12/2024 11:15,69.1,60.3,63.3,53.7,37.1,37.6,44.2,53.5,58.4,50.9,35.6,26.7,60.3
282,02/12/2024 11:30,69.3,59.7,62.6,54,37.9,38.2,44.4,53.1,57.8,50,34.3,35.4,59.7
283,02/12/2024 11:45,74.3,60.7,63.7,55.5,37.8,38.1,45.1,54.1,58.7,51.4,40.6,36.5,60.7
284,02/12/2024 12:00,70,59.9,62.8,53.5,36,36.4,43.2,52.1,58.1,51.8,39.5,32.4,59.9
285,02/12/2024 12:15,71.4,60.3,63.2,54.6,37.7,38.3,44.3,53.1,58.4,51.7,37.4,26.1,60.3
286,02/12/2024 12:30,70.3,59.7,62.5,54.6,36.8,36.6,43.6,52.6,57.9,50.8,35.5,22.9,59.7
287,02/12/2024 12:45,68.1,59.7,62.5,54.6,37.3,38.5,44.8,52.6,57.7,50.9,35.3,25.1,59.7
288,02/12/2024 13:00,73,61.9,64.6,56.5,37.7,39,46.3,54.9,60,52.9,37.9,29.8,61.9
289,02/12/2024 13:15,70.5,60.5,63.2,55,38.1,37.8,44.6,53.4,58.7,51.2,36.7,33.1,60.5
290,02/12/2024 13:30,68.3,60,62.7,53.8,37.3,37.7,44.3,52.9,58.1,50.9,35,23.8,60
291,02/12/2024 13:45,76.8,61,63.7,54.5,36.8,47,52.5,54.7,58,50.7,34.9,24.7,61
292,02/12/2024 14:00,72.6,60.5,63,56.2,38,37.7,44.1,53,58.8,51.5,35.6,24.3,60.5
293,02/12/2024 14:15,68.8,61.3,63.5,57.6,37.6,40.4,45.4,53.3,59.5,53,37.6,24.5,61.3
294,02/12/2024 14:30,79.2,63.3,65.6,59.1,39.6,46.4,52.2,56,61,54.4,40,27.9,63.3
295,02/12/2024 14:45,73.8,63.1,65.5,59.1,37.6,46.7,50.4,54.5,61.2,54.9,39.8,26.9,63.1
296,02/12/2024 15:00,69.6,63.1,65.6,58.2,36.8,37.4,43.3,54.3,61.6,55.1,39.7,25.5,63.1
297,02/12/2024 15:15,69.9,62.7,65.3,58.2,36.7,38.6,43.2,54,61.2,54.7,39.1,24.7,62.7
298,02/12/2024 15:30,69.5,62.8,65.5,57.8,35.5,36.9,42.8,52.9,61.4,54.9,39.1,25.3,62.8
299,02/12/2024 15:45,70,62.2,64.8,57.6,35.8,37.7,42.4,53,60.7,54.4,38.3,24.3,62.2
300,02/12/2024 16:00,68.2,61.9,63.9,58.7,37,37.5,42.5,52.8,60.3,54,38.6,27.8,61.9
301,02/12/2024 16:15,67.9,62.3,64.4,59,37.4,37.3,42.6,52.8,60.8,54.5,38.3,21.8,62.3
302,02/12/2024 16:30,67.4,61.3,63.5,58,36,36.9,42.4,51.8,59.9,53.6,37.5,20.8,61.3
303,02/12/2024 16:45,68.9,62.3,64.5,58.6,36.8,37.1,42.5,52.6,60.8,54.5,38.5,22,62.3
304,02/12/2024 17:00,69.2,62.4,64.6,58.7,35.9,37.1,42.7,53.5,60.9,54.5,38.2,21.4,62.4
305,02/12/2024 17:15,69.1,61.6,63.9,57.2,36.1,37.5,42.1,52.4,60.1,53.8,37.1,20.1,61.6
306,02/12/2024 17:30,69.6,62.2,64.7,57.9,35.8,36.6,42.2,52.8,60.8,54.3,37.6,20.8,62.2
307,02/12/2024 17:45,70.9,61.3,64,55.9,35.9,36.6,41.6,52.1,59.9,53.4,36.7,20.1,61.3
308,02/12/2024 18:00,69,61.5,64.4,56.1,36,36.7,41.8,52.3,60.1,53.6,36.7,20.2,61.5
309,02/12/2024 18:15,73,60.8,63.9,53.3,34.5,35.8,41,51.2,59.4,52.9,37.3,20.6,60.8
310,02/12/2024 18:30,68.5,60.2,63.3,53.8,33.8,35.3,40.7,50.9,58.7,52.3,35.4,19.4,60.2
311,02/12/2024 18:45,70.1,60.4,63.7,52.9,33.4,34.8,40.3,51,59,52.3,35.5,19.9,60.4
312,02/12/2024 19:00,69.8,60.4,63.7,52.4,33.6,35.5,40.6,51.2,59,52.3,35.5,19.9,60.4
313,02/12/2024 19:15,68.9,60.3,63.7,52.8,34.2,35,40.2,51.1,59,52.1,35,19.1,60.3
314,02/12/2024 19:30,68.9,60.3,63.6,53.2,34.8,35.5,40.5,51.7,58.8,52,35.1,19.2,60.3
315,02/12/2024 19:45,69.3,60,63.5,51.2,33.9,35,40,51.1,58.6,51.7,34.9,19.5,60
316,02/12/2024 20:00,72.3,59.9,63.8,48.9,34.4,36.3,39.6,50.9,58.5,51.5,34.6,19.7,59.9
317,02/12/2024 20:15,70.8,60.2,64,49.9,34,35.3,40.1,51.9,58.7,51.6,34.8,21,60.2
318,02/12/2024 20:30,69.9,58.9,62.9,47.4,33.5,34.1,39.2,50.2,57.4,50.5,33.5,18.3,58.9
319,02/12/2024 20:45,68.6,58.4,62.4,48.7,32.8,34.3,38.8,49.9,56.9,49.7,32.6,17.9,58.4
320,02/12/2024 21:00,70.7,60.3,64.4,48.9,35.2,37,40.8,52.4,58.8,51.6,34.6,19.5,60.3
321,02/12/2024 21:15,69.3,59.7,63.6,49,33.6,36.9,40.4,51.9,58.2,50.9,34,20.8,59.7
322,02/12/2024 21:30,71.1,57.9,62.3,44,30.6,32.4,37.3,48.4,56.6,49.6,31.9,17.8,57.9
323,02/12/2024 21:45,69.9,58.5,62.5,47.4,33.4,34,38.6,50.2,57.1,49.8,32.6,17.7,58.5
324,02/12/2024 22:00,70.8,58.2,62.4,46.3,32.1,34.3,38.3,50.1,56.7,49.6,32.5,18.3,58.2
325,02/12/2024 22:15,70.1,58,62.4,44.8,33,33.3,38.3,49.9,56.5,49.1,32,18.8,58
326,02/12/2024 22:30,68.6,56.6,61.2,43.1,31.8,33,37.5,49.2,55,47.2,31.1,20.5,56.6
327,02/12/2024 22:45,70,56.2,60.6,40.4,32.5,33.8,37.7,47.8,54.7,47.4,30.8,18.6,56.2
328,02/12/2024 23:00,68.3,56.2,60.6,40,32.7,33.3,37,49,54.5,47,30.3,17.7,56.2
329,02/12/2024 23:15,70.7,56,59.7,41,30.1,31.5,36.3,47,54.6,47.2,30.4,17.2,56
330,02/12/2024 23:30,70.2,54.7,58.7,39.1,30.6,34.3,38,47.2,53,45.3,29,17.8,54.7
331,02/12/2024 23:45,67.8,54.1,58.6,32.7,30.5,32.1,35.7,46.6,52.5,45.1,28.4,16,54.1
332,03/12/2024 00:00,67.7,54.3,58.3,40.4,31.4,32,35.1,46.5,52.8,44.8,28.5,15.4,54.3
333,03/12/2024 00:15,67.8,54.5,58.6,38.7,29.3,30.8,34.9,46.8,53,45.5,27.9,14.2,54.5
334,03/12/2024 00:30,67.1,53.5,58,37.8,31.4,31.6,35.1,47.1,51.7,43.7,26.8,14.3,53.5
335,03/12/2024 00:45,67.1,52.1,56.1,31.2,28.8,29.9,32.9,44.8,50.4,42.8,26.1,14.4,52.1
336,03/12/2024 01:00,70.3,54.1,58.1,37.7,30.3,32.4,35.7,46.8,52.4,45.1,29.3,18.2,54.1
337,03/12/2024 01:15,69.2,54,58,32.7,31.9,30.8,34.8,46.5,52.4,44.6,28.4,15.9,54
338,03/12/2024 01:30,66.8,52.6,56.3,33.7,33.8,33.8,39.4,46.4,50.5,42.3,26.3,13.3,52.6
339,03/12/2024 01:45,67.4,51.5,54.6,34.5,30,30.5,33.9,45.1,49.7,41,25.1,12.7,51.5
340,03/12/2024 02:00,65.3,49.4,52.7,28.1,27.2,27.4,30.8,41.9,47.8,40.2,23.6,11.7,49.4
341,03/12/2024 02:15,66.6,52.4,56.5,35.6,31.2,31.9,35,45.5,50.7,42.2,26.2,12.2,52.4
342,03/12/2024 02:30,65.9,50,53.7,31.6,28,28.4,32.5,43.5,48.1,39.9,24.1,11.9,50
343,03/12/2024 02:45,66.7,51.6,55.4,29.9,31.2,32.4,34.3,45.1,49.8,41.3,25.2,12.4,51.6
344,03/12/2024 03:00,67,52.5,56.4,32.6,30.4,30.5,34.2,45.9,50.8,42.6,26.1,13.2,52.5
345,03/12/2024 03:15,66.7,52.1,55.6,28.5,30.7,31.5,34.2,46.1,50.3,41.1,25.4,12.7,52.1
346,03/12/2024 03:30,66.3,52.7,56.7,35.1,30.7,31.6,34.8,45.9,51,42.5,26,11.8,52.7
347,03/12/2024 03:45,64.1,51.4,55.6,39.3,30.5,31.7,35.2,45,49.5,41.5,25.1,11.2,51.4
348,03/12/2024 04:00,62.5,52.2,56,43.3,32.1,32.4,35.9,45.7,50.4,41.6,24.6,11.4,52.2
349,03/12/2024 04:15,64.1,52.1,56.1,41.5,31,31.8,35.2,44.5,50.5,42.3,25.3,10.7,52.1
350,03/12/2024 04:30,61.6,52.4,56,44.7,33.8,33.5,36.5,45.9,50.5,42.3,25.2,11,52.4
351,03/12/2024 04:45,64.8,51.9,55.8,45.3,33.1,32.1,35.6,45.2,50.1,41.4,31.7,27.2,51.9
352,03/12/2024 05:00,62.6,53.7,56.8,46.9,34.2,34.3,37.9,46.6,51.9,43.6,26.2,10.8,53.7
353,03/12/2024 05:15,60.6,53.9,56.7,49.3,34,35.3,38.3,46.6,52.2,44.4,26.4,10.7,53.9
354,03/12/2024 05:30,62.6,54.5,57.4,49.7,33,35.3,38.6,47.1,52.9,44.9,27.4,11,54.5
355,03/12/2024 05:45,61.9,54.6,57.5,49,34.7,35.4,38.5,46.8,52.9,45.1,27.1,10.9,54.6
356,03/12/2024 06:00,61.8,55.1,57.9,50.7,35.3,34.6,38.9,47.3,53.6,45.5,27.1,10.7,55.1
357,03/12/2024 06:15,61.1,54.6,57.1,50.2,34.8,35.4,40,47.4,52.9,44.9,27,10.3,54.6
358,03/12/2024 06:30,61.3,55.6,57.8,52.2,35.5,35.9,40,47.9,54,46.1,27.8,10.5,55.6
359,03/12/2024 06:45,68.2,56.6,58.4,54.1,36.5,37.5,41.4,49,54.9,47.3,31,18,56.6
360,03/12/2024 07:00,62.8,57.2,59.5,53.9,36.4,36.7,41.8,49.4,55.6,47.7,32,25.6,57.2
361,03/12/2024 07:15,68.6,57.2,59.1,54.3,37,37.7,41.7,48.7,55.4,47.7,42.7,37.5,57.2
362,03/12/2024 07:30,62.5,56.8,58.8,54.4,37.1,37,41.2,48.3,55.3,47.4,29.1,29.3,56.8
363,03/12/2024 07:45,63,56.1,58.2,53.4,35.6,35.8,40.7,47.9,54.6,47,30.9,24.9,56.1
364,03/12/2024 08:00,65.1,56.1,58.2,53.4,36.1,36.1,40.8,47.6,54.1,49,33,26.8,56.1
365,03/12/2024 08:15,68.5,58.1,60.4,55.1,35.8,36.4,40.9,47.5,55.4,52.9,43.5,43,58.1
366,03/12/2024 08:30,77.8,58.6,60.5,54.7,36.2,36.1,40.9,48.1,54.7,50,51.4,50.8,58.6
367,03/12/2024 08:45,65.5,56.4,58.4,53.4,36.2,36.2,40.6,47.3,54.2,50.2,33.7,24.9,56.4
368,03/12/2024 09:00,77.2,61.3,65.1,52.9,40.5,51.2,56,56.8,54.9,47.1,30.1,23.7,61.3
369,03/12/2024 09:15,80.5,64.1,66.7,53,41.2,54.9,58.8,60.2,56.2,46.6,30.4,21.5,64.1
370,03/12/2024 09:30,62.2,54.7,56.8,51.4,35.7,36.1,40.3,47,52.9,45.4,28.6,24,54.7
371,03/12/2024 09:45,61.7,55.1,57.3,51.9,36,36.8,40.6,47.5,53.3,45.6,29.9,22.7,55.1
372,03/12/2024 10:00,72.6,58.5,59.9,51.7,36.2,46,50.9,53.3,54.8,45.8,27.7,24.9,58.5
373,03/12/2024 10:15,67.3,56.3,58.8,52.1,37,37.6,42.9,49.3,54.4,45.9,29.3,29.5,56.3
374,03/12/2024 10:30,61.7,54,56.6,47.9,35.7,36,39.5,46.9,52.2,43.8,25.8,14.7,54
375,03/12/2024 10:45,67.5,54.7,57.6,48.7,35.6,37.5,42.8,48.3,52.4,44.5,29.3,26.3,54.7
376,03/12/2024 11:00,62.3,54,56.9,47.9,36.1,36.9,40.2,46.6,52.1,43.9,26,19.8,54
377,03/12/2024 11:15,61.1,53.8,56.6,48.5,37.1,36.2,39.3,46.5,51.9,43.6,27.8,24,53.8
378,03/12/2024 11:30,60.6,53.5,56.3,48.6,35.1,37.1,39.2,45.8,51.7,43.6,27.6,26.1,53.5
379,03/12/2024 11:45,66.5,55,57.5,50,36.7,37.1,40.4,47.6,53.1,44.7,34.7,27.8,55
380,03/12/2024 12:00,62,54.6,57.4,49.3,36.3,36.4,39.6,47.1,52.9,44.5,26.7,16.3,54.6
381,03/12/2024 12:15,63.2,54.9,57.6,49.7,35.8,36.3,39.9,47.3,53.1,44.8,35.1,35.1,54.9
382,03/12/2024 12:30,61.9,53.8,56.3,49.1,35.3,36.7,40.6,46.4,51.8,44.1,32,31.7,53.8
383,03/12/2024 12:45,61.8,53.6,56.3,49.1,35.1,36,39.2,45.6,51.9,44.3,28.7,21.4,53.6
384,03/12/2024 13:00,62.2,53.5,56.2,47.8,36.1,35.9,39,46.2,51.6,43.6,26.3,12.5,53.5
385,03/12/2024 13:15,71.8,53.6,55.8,49.7,35.4,35.2,38.2,45.4,51.8,43.9,37.9,36.2,53.6
386,03/12/2024 13:30,66.4,53.3,55.3,49.5,35.4,41.4,41.2,45.7,51,43,25.5,23.5,53.3
387,03/12/2024 13:45,60.7,53.1,55.9,48.7,35.7,36.4,40,45.6,51.2,43.3,25.1,19.6,53.1
388,03/12/2024 14:00,60.1,53.2,55.8,48.4,34.6,36.1,39.2,45.3,51.5,43.1,24.8,24,53.2
389,03/12/2024 14:15,71.6,54.6,56.6,49.8,37.1,37.4,41.9,47.5,52.6,44.4,28.4,10.7,54.6
390,03/12/2024 14:30,60.1,51.9,54.5,47.7,35,35,38.2,44.1,50.1,42,29.1,25.4,51.9
391,03/12/2024 14:45,58.1,52.5,54.6,49.2,35.4,35.3,38.3,44.7,50.7,42.7,23.7,11.5,52.5
392,03/12/2024 15:00,66.4,52.9,55.2,49.4,34.8,35.3,38.6,45.2,51.1,43,32.1,29.7,52.9
393,03/12/2024 15:15,61.1,55,56.9,52.3,35.5,35.6,39.2,46.6,53.4,45.7,26.7,17.9,55
394,03/12/2024 15:30,62.4,55.8,58.1,51.8,36.1,36.4,40.2,47.8,54.1,46.5,26.9,11.1,55.8
395,03/12/2024 15:45,62.6,56.8,58.7,54.1,36,35.9,40,49,55.2,47.5,28.7,17.3,56.8
396,03/12/2024 16:00,61.9,56.9,58.8,54.3,35.9,36,40.6,49,55.3,47.7,27.8,20.8,56.9
397,03/12/2024 16:15,69.8,57.8,59.5,55.2,36.2,36,41.1,49.7,56,48.6,41.6,39.9,57.8
398,03/12/2024 16:30,64.2,58,59.8,55.4,36.7,36.4,42.1,50.4,56.3,49.1,28.6,9.1,58
399,03/12/2024 16:45,63.6,58.3,60.2,55.5,35.3,34.8,41.2,50.2,56.8,49.2,29.4,8.7,58.3
400,03/12/2024 17:00,64,59.3,61.2,56.6,35.3,35.2,41.6,51.3,57.7,50.5,30.6,9.1,59.3
401,03/12/2024 17:15,64.9,58.7,60.6,55.8,34.8,35,41.2,50.2,57.2,50,29.6,9,58.7
402,03/12/2024 17:30,64.7,58.1,60.1,55.2,35.4,35.5,41.8,49.9,56.5,49.6,29.4,9.4,58.1
403,03/12/2024 17:45,62.7,58.1,59.8,55.8,35.4,37.9,42,49.6,56.5,49.6,29.2,8.5,58.1
404,03/12/2024 18:00,63.8,58.8,60.8,55.8,35.1,35,41.4,50.2,57.3,50.3,29.4,8.7,58.8
405,03/12/2024 18:15,63.9,58,60.3,53.6,35.6,35.3,41.3,50.3,56.3,48.8,28.6,8.1,58
406,03/12/2024 18:30,64.2,58.3,60.7,54.4,35.1,35.1,41.5,50.3,56.7,49.3,29,8.2,58.3
407,03/12/2024 18:45,65.9,58.6,61,54.4,35.6,35.3,42,50.9,57,49,28.7,8.1,58.6
408,03/12/2024 19:00,65.5,57.5,60.3,53,33.4,33.7,40.1,49.6,56,48,27.1,9.1,57.5
409,03/12/2024 19:15,67.1,56.5,59.4,51.2,33.7,33.5,39.5,48.5,55,47,26.4,10.3,56.5
410,03/12/2024 19:30,64.2,57.1,59.8,52.2,32.9,33.6,40,49.1,55.7,47.6,27.2,7.1,57.1
411,03/12/2024 19:45,66.8,58.2,61.1,52.6,34,34.5,40.8,50.2,56.7,48.8,28.4,7.6,58.2
412,03/12/2024 20:00,66.4,57.7,60.7,51.5,33.1,33.5,40.4,50.1,56.2,47.9,27.3,6.2,57.7
413,03/12/2024 20:15,66.2,56.6,59.5,50.3,32.5,33.6,39.5,48.5,55.1,47.1,26.7,6.5,56.6
414,03/12/2024 20:30,65.8,56.8,59.9,50.5,32.7,33.4,39.3,48.7,55.4,47.5,27,5.7,56.8
415,03/12/2024 20:45,63,55,58.2,47.6,33,33.9,38.4,46.9,53.5,45.8,25.5,5,55
416,03/12/2024 21:00,64.4,54.7,57.6,49.1,33,34,39.6,47.4,53,44.8,23.4,4.8,54.7
417,03/12/2024 21:15,64.7,55,57.9,49.2,33.8,33.4,39.2,47.9,53.4,44.6,23.3,4.4,55
418,03/12/2024 21:30,64.1,53.5,56.7,47.4,32.1,32.3,38.3,45.9,52,43.4,21.9,4.5,53.5
419,03/12/2024 21:45,65.6,54.3,57.8,47.2,32.4,33.2,38.9,46.8,52.6,44.7,24.4,5.2,54.3
420,03/12/2024 22:00,64.7,54.3,57.8,47.2,30.6,30.9,37.5,46.6,52.8,45,23.5,3.8,54.3
421,03/12/2024 22:15,62.4,53,56.7,45.2,30.9,30.5,36.9,45.3,51.4,43.2,22.1,3.5,53
422,03/12/2024 22:30,61.9,53.4,57,47.1,32.1,31.9,37.8,45.8,51.7,43.8,23,4.2,53.4
423,03/12/2024 22:45,65.7,52,55.8,44,31.6,31,36.3,45.7,50.3,41,20.6,5.5,52
424,03/12/2024 23:00,63.6,52.9,56.6,45.1,32.6,32.2,37.2,46.2,51.1,42.6,21.9,3.7,52.9
425,03/12/2024 23:15,65.2,52.8,56.3,43.6,32.5,31.4,37.1,45.6,51.2,42.7,21.5,3,52.8
426,03/12/2024 23:30,63.6,51.2,55.1,41.9,29.5,29.6,35.9,44,49.5,41.1,19.9,2.5,51.2
427,03/12/2024 23:45,61.8,50.9,54.7,43,29.3,30.7,36,43.9,49.2,40.6,19.5,3.3,50.9
428,04/12/2024 00:00,61.9,51.3,55.1,42,31.1,31.3,36.1,45.5,49.2,40.1,19.8,3.4,51.3
429,04/12/2024 00:15,63.7,49.9,54.2,39.8,29.9,31,35.5,44,47.8,38.9,18.7,6.5,49.9
430,04/12/2024 00:30,66.9,50.8,54.5,41,30.1,30.8,36.5,44.1,48.9,39.9,19.1,4,50.8
431,04/12/2024 00:45,63.1,50.1,54.2,39.8,29.8,30.5,35.1,43.7,48.3,39.5,18.9,4.7,50.1
432,04/12/2024 01:00,60.7,48.6,52.3,40.6,29.8,30.5,35.4,42.8,46.5,37.2,18.8,8.8,48.6
433,04/12/2024 01:15,59.2,47.5,51.4,39.7,29.9,29,34.2,41.5,45.4,36.4,19.6,12.5,47.5
434,04/12/2024 01:30,61.4,49.1,53,41.5,30.3,30,35.5,42.7,47.1,38.4,18.4,4.2,49.1
435,04/12/2024 01:45,62.3,49,53.1,40.6,30.1,30.2,35.4,43.1,46.9,37.1,18.1,4.7,49
436,04/12/2024 02:00,64.1,48.1,51.7,40.3,29.7,29.1,34.3,42.2,46.1,36.9,17.4,7.9,48.1
437,04/12/2024 02:15,63.4,47.5,51,39.7,29.9,30.2,34.6,42.4,45,35.1,16.8,5.2,47.5
438,04/12/2024 02:30,62.1,49.3,53.2,41.4,31.4,31.6,36,43.7,47,37.6,20.7,5.5,49.3
439,04/12/2024 02:45,66.7,49.7,53.8,39.9,31.3,32.1,35.6,44,47.6,37.3,19.2,7,49.7
440,04/12/2024 03:00,60.7,48.3,52,39.8,30.2,30.6,36.7,42.9,45.8,36.5,18.2,5.9,48.3
441,04/12/2024 03:15,61.6,47.9,51.8,39.9,30.1,30.4,33.8,42.4,45.7,36.1,17.9,5.9,47.9
442,04/12/2024 03:30,60.5,46.8,50.2,40.3,28.1,28.5,33.3,41.2,44.6,34.8,16.8,5.7,46.8
443,04/12/2024 03:45,61.6,47.7,51.6,40.3,31.5,31.2,34.5,42,45.3,36.4,18.3,6,47.7
444,04/12/2024 04:00,65.1,50.5,54.3,42.1,31,31.7,36.1,45,48.4,39.2,20.7,6.4,50.5
445,04/12/2024 04:15,61.6,50.2,54.2,42.1,31.8,32.2,36.5,44.9,47.8,39.1,20.5,6.4,50.2
446,04/12/2024 04:30,63.2,52.1,55.2,46.3,33.2,32.5,37.6,46.1,50.1,41,22,6.2,52.1
447,04/12/2024 04:45,62.1,52.1,55.6,44.6,33.5,32.9,37.6,46.5,49.9,40.8,21.9,6.3,52.1
448,04/12/2024 05:00,59.9,51.9,55,47.2,32.8,32.7,37.2,46,49.8,41.6,22.4,6.3,51.9
449,04/12/2024 05:15,62,53.8,56.5,49.4,34.3,34.7,39,47.8,51.7,43.2,24.1,6,53.8
450,04/12/2024 05:30,61.8,53.1,55.7,47.7,33.7,33.9,39.3,47,51.1,42.1,22.8,6.3,53.1
451,04/12/2024 05:45,62.1,54.2,56.8,49,35.4,35.4,40.1,48,52.1,43.5,24.3,6.9,54.2
452,04/12/2024 06:00,66,55.1,57.6,51.4,34.7,35.3,41.7,48.9,53.1,44.5,24.8,6.1,55.1
453,04/12/2024 06:15,63.9,56,58.5,52.2,36.2,35.5,40.9,49.5,54.2,45.5,25.6,7.3,56
454,04/12/2024 06:30,63.6,56.7,59.4,52.3,36.4,36.7,42,50,54.9,46.7,26.4,7,56.7
455,04/12/2024 06:45,64.3,57.7,59.9,54.5,35.8,35.8,42.4,50.7,56,48,28,7,57.7
456,04/12/2024 07:00,64.7,58.9,60.8,56.3,38,37,43.2,52,57.1,49,36.2,34.4,58.9
457,04/12/2024 07:15,64.2,58.4,60.6,55.2,36.7,36.7,43.3,51.2,56.6,48.7,30.5,26.5,58.4
458,04/12/2024 07:30,62.9,57.1,59.3,54.1,36.6,36.9,42.6,50,55.2,47.6,33.6,36.3,57.1
459,04/12/2024 07:45,64.5,57.9,60,54.6,36.5,36.5,43.1,50.9,56,48.5,33.2,28.8,57.9
460,04/12/2024 08:00,64.2,57.7,59.9,54.4,36.8,36.3,42.3,50.3,55.9,49,31.4,24.4,57.7
461,04/12/2024 08:15,65.7,57.4,59.9,53.4,37.1,36.5,41.7,49.7,55.4,50,33.6,28.1,57.4
462,04/12/2024 08:30,66.3,56.6,59.1,52.8,36.3,36.3,41.3,49.1,54.7,48.4,31.4,25.5,56.6
463,04/12/2024 08:45,72.6,57.4,59.7,52.2,36.7,36.1,41.7,49.3,55,49.5,43.6,43.7,57.4
464,04/12/2024 09:00,66.7,56.5,59,52.4,35.7,35.9,41,48.7,54.4,48.7,39.9,37.9,56.5
465,04/12/2024 09:15,67.6,56.8,59.6,52.2,36.4,36.1,41.2,49.6,55.1,46.7,31.8,27.4,56.8
466,04/12/2024 09:30,69.7,56.5,58.9,52.3,35.1,35.8,41.3,49.1,54.8,46.6,35.5,32.7,56.5
467,04/12/2024 09:45,65,55.8,58.6,50.7,35.6,37.3,41.3,48.5,54,45.8,27.6,14.3,55.8
468,04/12/2024 10:00,69.3,56.7,59.8,51,36,42.6,42.2,49.4,54.8,46.6,30,28.6,56.7
469,04/12/2024 10:15,66.2,56.4,59.5,50.2,36.4,36.1,40.4,49,54.8,46,28.3,21.5,56.4
470,04/12/2024 10:30,63,56.2,59,51.7,37,39.5,43.1,49.1,54.3,46.1,29.1,20.4,56.2
471,04/12/2024 10:45,66.8,56.1,58.8,51.4,36.7,43.5,43.9,48.3,54.1,45.9,28.3,17.4,56.1
472,04/12/2024 11:00,77.9,63.1,67,52.6,45.2,58.5,58.9,53.8,54.6,45.7,27,13.3,63.1
473,04/12/2024 11:15,65.3,55.4,58.3,49.2,35.9,36.7,39.7,47.5,53.8,45.1,26,13.9,55.4
474,04/12/2024 11:30,63.7,54.1,57.2,46.9,35.6,40,39.9,46.3,52.3,43.9,25.7,13.3,54.1
475,04/12/2024 11:45,62.6,54.8,58,48.3,34.9,35.1,38.9,47,53.3,44.9,26.8,25.6,54.8
